31 Prentice Rd|Painesville|OH|Erlich Bachman|216-315-6782|NV
39 Prentice Rd|Painesville|OH|Richard Hendricks|216-315-6781|NV
47 Prentice Rd|Painesville|OH|Dinesh Chugtai|216-315-6712|NV
55 Prentice Rd|Painesville|OH|Jared Dunn|216-315-6722|NV
61 Prentice Rd|Painesville|OH|Donald Dunn|216-315-6732|NV
69 Prentice Rd|Painesville|OH|Bertram Gilfoyle|216-315-6742|NV
77 Prentice Rd|Painesville|OH|Jian Yang|216-315-6752|NV
123 Prentice Rd|Painesville|OH|Monica Hall|216-315-6762|NV
131 Prentice Rd|Painesville|OH|Gavin Belson|216-315-6772|NV
137 Prentice Rd|Painesville|OH|Nelson Bighetti|216-315-6792|NV
145 Prentice Rd|Painesville|OH|Peter Gregory|216-315-6182|NV
153 Prentice Rd|Painesville|OH|Laurie Bream|216-315-6282|NV
159 Prentice Rd|Painesville|OH|Russ Hannerman|216-315-6382|NV
40 Prentice Rd|Painesville|OH|Jack Barker|216-315-6482|NV
48 Prentice Rd|Painesville|OH|Jeff Bezos|216-315-6582|NV
56 Prentice Rd|Painesville|OH|Walter White|216-315-6682|NV