1245 Ramona Ave|Lakewood|OH|Jesse Pinkman|216-555-1708|NV
1309 Ramona Ave|Lakewood|OH|Skyler White|216-555-2708|NV
1306 Belle Ave|Lakewood|OH|Hank Schrader|216-555-3708|NV
1245 14612 Clifton Rd|Lakewood|OH|Saul Goodman|216-555-4708|NV
1255 Gladys Ave|Lakewood|OH|Marie Schrader|216-555-5708|NV
1361 Cook Ave|Lakewood|OH|Mike Ehrman|216-555-6708|NV
2953 Mars Ave|Lakewood|OH|Gus Fring|216-555-7708|NV
1363 Marlowe Ave|Lakewood|OH|Todd Alquist|216-555-8708|NV
1239 Manor Park Ave|Lakewood|OH|Jane Margolis|216-555-9708|NV
1261 Bunts Rd|Lakewood|OH|Steven Gomez|216-555-0708|NV
2056 Lakeland Ave|Lakewood|OH|Skinny Pete|216-555-6108|NV
2101 Olive Ave|Lakewood|OH|Craig Castelaz|216-555-6208|NV
2134 Woodward Ave|Lakewood|OH|Kelly Brucker|216-555-6308|NV
2011 Morrison Ave|Lakewood|OH|Carole Crowe|216-555-6408|NV


