9583 Dublin Ln|Mentor|OH|John Frye|330-568-1888|NV
9575 Dublin Ln|Mentor|OH|Steve Albert|330-568-2888|NV
9576 Dublin Ln|Mentor|OH|Fred Nilbert|330-568-3888|NV
9584 Dublin Ln|Mentor|OH|Jack Jackson|330-568-4888|NV
9592 Dublin Ln|Mentor|OH|Kelly Flinn|330-568-5888|NV
9600 Dublin Ln|Mentor|OH|Sammy Sosa|330-568-6888|NV
9608 Dublin Ln|Mentor|OH|Mark Mcguire|330-565-7888|NV
9616 Dublin Ln|Mentor|OH|Kyle Vans|330-568-8888|NV
9624 Dublin Ln|Mentor|OH|Bill Beats|330-568-8188|NV
9632 Dublin Ln|Mentor|OH|William Wills|330-585-8288|NV
9640 Dublin Ln|Mentor|OH|Kyle Williams|330-565-8388|NV
9648 Dublin Ln|Mentor|OH|Hue Jackson|330-565-8488|NV
9656 Dublin Ln|Mentor|OH|Jill Friends|330-565-8588|NV
6708 Waterford Ln|Mentor|OH|Bonny Bus|330-585-8688|NV
6700 Waterford Ln|Mentor|OH|Daniel Medina|330-585-8788|NV
6692 Waterford Ln|Mentor|OH|James McGrath|330-585-8818|NV
6684 Waterford Ln|Mentor|OH|Jamie Tanner|330-585-8828|NV
30 Waterford Ln|Painsville|OH|Dan Stone|330-585-1358|NV
6693 Waterford Ln|Mentor|OH|Brian Avsec|330-185-8888|NV
6701 Waterford Ln|Mentor|OH|Cathryn Greene|330-285-8888|NV
6709 Waterford Ln|Mentor|OH|Ryan Hord|330-3685-888|NV
9671 Dublin Ln|Mentor|OH|Steve Brule|330-5685-888|NV
9663 Dublin Ln|Mentor|OH|William Lawrence|330-685-8848|NV
9655 Dublin Ln|Mentor|OH|Noah Agne|330-5685-858|NV
9647 Dublin Ln|Mentor|OH|Chloe Kardashian|330-585-8868|NV
9639 Dublin Ln|Mentor|OH|Johnny Robertson|330-565-8878|NV
9623 Dublin Ln|Mentor|OH|Steve Beardless|330-565-8881|NV
9615 Dublin Ln|Mentor|OH|Nathan Bardwell|330-565-8882|NV
9607 Dublin Ln|Mentor|OH|Tyler Sanford|330-565-8883|NV
9599 Dublin Ln|Mentor|OH|Brian Siebert|330-585-8884|NV
9591 Dublin Ln|Mentor|OH|Jason Clark|330-5685-8885|NV


